Model,FiniteDiffMean,FiniteDiffSD,DiffMetMean,DiffMetSD,N_Parameters
yeast,32.453588679707615,0.3203005860260036,7.484598080544562,0.11416493242338417,436
e. coli,27.05862651908888,0.3145644947974811,6.241073210595342,0.08117536580876887,394
yeast OFM,144.89693581928006,0.9934921233167965,3.811709260387734,0.15484177952170844,2
e. coli OFM,99.57615775457236,0.770227813778948,3.8725980847564,0.18562517085446004,2
